00000,2,2,0,1,2,0,1,2,2,0,2,0,3,1,2,1,2,0,1,1,0,1,0,2,1
00001,0,1,2,0,2,1,2,0,1,2,0,0,3,2,0,2,1,1,2,1,1,1,2,0,2
00002,0,1,2,0,2,1,2,0,1,2,0,0,3,2,0,2,1,1,2,1,1,1,2,0,2
00003,0,1,2,0,2,1,2,0,1,2,0,0,3,2,0,2,1,1,2,1,1,1,2,0,2
00004,1,2,0,1,0,1,1,0,2,1,2,1,3,0,2,0,2,2,1,0,2,1,0,2,2
00005,1,2,0,1,0,1,1,0,2,1,2,1,3,0,2,0,2,2,1,0,2,1,0,2,2
00006,1,2,0,1,0,1,1,0,2,1,2,1,3,0,2,0,2,2,1,0,2,1,0,2,2
00007,1,2,0,1,0,1,1,0,2,1,2,1,3,0,2,0,2,2,1,0,2,1,0,2,2
00008,2,0,2,1,1,1,2,1,1,2,0,2,3,0,0,2,1,0,2,1,2,0,2,1,0
00009,2,0,2,1,1,1,2,1,1,2,0,2,3,0,0,2,1,0,2,1,2,0,2,1,0
00010,1,2,0,1,0,1,1,0,2,1,2,1,3,0,2,0,2,2,1,0,2,1,0,2,2
00011,1,2,0,1,0,1,1,0,2,1,2,1,3,0,2,0,2,2,1,0,2,1,0,2,2
00012,1,2,0,1,0,1,1,0,2,1,2,1,3,0,2,0,2,2,1,0,2,1,0,2,2
00013,1,2,0,1,0,1,1,0,2,1,2,1,3,0,2,0,2,2,1,0,2,1,0,2,2
00014,2,0,2,1,1,1,2,1,1,2,0,2,3,0,0,2,1,0,2,1,2,0,2,1,0
00015,2,0,1,2,0,1,1,2,0,3,1,0,1,1,2,2,2,2,2,0,0,2,1,0,1
00016,2,0,1,2,0,1,1,2,0,3,1,0,1,1,2,2,2,2,2,0,0,2,1,0,1
00017,2,0,1,2,0,1,1,2,0,3,1,0,1,1,2,2,2,2,2,0,0,2,1,0,1
00018,2,0,1,2,0,1,1,2,0,3,1,0,1,1,2,2,2,2,2,0,0,2,1,0,1
00019,2,0,1,2,0,1,1,2,0,3,1,0,1,1,2,2,2,2,2,0,0,2,1,0,1
00020,2,0,1,2,0,1,1,2,0,3,1,0,1,1,2,2,2,2,2,0,0,2,1,0,1
00021,2,0,1,2,0,1,1,2,0,3,1,0,1,1,2,2,2,2,2,0,0,2,1,0,1
00022,0,2,1,1,2,2,2,0,1,0,1,2,1,2,1,0,2,1,0,2,1,0,2,3,0
00023,0,2,1,1,2,2,2,0,1,0,1,2,1,2,1,0,2,1,0,2,1,0,2,3,0
00024,0,2,1,1,2,2,2,0,1,0,1,2,1,2,1,0,2,1,0,2,1,0,2,3,0
00025,0,2,1,1,2,2,2,0,1,0,1,2,1,2,1,0,2,1,0,2,1,0,2,3,0
00026,0,2,1,1,2,2,2,0,1,0,1,2,1,2,1,0,2,1,0,2,1,0,2,3,0
00027,0,2,1,1,2,2,2,0,1,0,1,2,1,2,1,0,2,1,0,2,1,0,2,3,0
00028,0,2,1,1,2,2,2,0,1,0,1,2,1,2,1,0,2,1,0,2,1,0,2,3,0
00029,0,2,1,1,2,2,2,0,1,0,1,2,1,2,1,0,2,1,0,2,1,0,2,3,0
00030,1,0,1,2,0,0,2,2,2,2,2,1,1,0,1,3,0,2,1,1,0,2,1,0,2
00031,1,0,1,2,0,0,2,2,2,2,2,1,1,0,1,3,0,2,1,1,0,2,1,0,2
00032,1,0,1,2,0,0,2,2,2,2,2,1,1,0,1,3,0,2,1,1,0,2,1,0,2
00033,1,0,1,2,0,0,2,2,2,2,2,1,1,0,1,3,0,2,1,1,0,2,1,0,2
00034,0,3,2,0,1,2,0,1,2,0,1,2,1,2,1,0,1,0,2,2,2,1,1,2,0
00035,0,3,2,0,1,2,0,1,2,0,1,2,1,2,1,0,1,0,2,2,2,1,1,2,0
00036,2,0,1,2,0,1,1,2,0,3,1,0,1,1,2,2,2,2,2,0,0,2,1,0,1
00037,2,0,1,2,0,1,1,2,0,3,1,0,1,1,2,2,2,2,2,0,0,2,1,0,1
00038,2,0,1,2,0,1,1,2,0,3,1,0,1,1,2,2,2,2,2,0,0,2,1,0,1
00039,2,0,1,2,0,1,1,2,0,3,1,0,1,1,2,2,2,2,2,0,0,2,1,0,1
00040,2,0,1,2,0,1,1,2,0,3,1,0,1,1,2,2,2,2,2,0,0,2,1,0,1
00041,2,0,1,2,0,1,1,2,0,3,1,0,1,1,2,2,2,2,2,0,0,2,1,0,1
00042,2,0,1,2,0,1,1,2,0,3,1,0,1,1,2,2,2,2,2,0,0,2,1,0,1
00043,0,2,1,1,2,2,2,0,1,0,1,2,1,2,1,0,2,1,0,2,1,0,2,3,0
00044,0,2,1,1,2,2,2,0,1,0,1,2,1,2,1,0,2,1,0,2,1,0,2,3,0
00045,0,2,1,1,2,2,2,0,1,0,1,2,1,2,1,0,2,1,0,2,1,0,2,3,0
00046,0,2,1,1,2,2,2,0,1,0,1,2,1,2,1,0,2,1,0,2,1,0,2,3,0
00047,0,2,1,1,2,2,2,0,1,0,1,2,1,2,1,0,2,1,0,2,1,0,2,3,0
00048,0,2,1,1,2,2,2,0,1,0,1,2,1,2,1,0,2,1,0,2,1,0,2,3,0
00049,1,0,1,2,0,0,2,2,2,2,2,1,1,0,1,3,0,2,1,1,0,2,1,0,2
00050,1,0,1,2,0,0,2,2,2,2,2,1,1,0,1,3,0,2,1,1,0,2,1,0,2
00051,1,0,1,2,0,0,2,2,2,2,2,1,1,0,1,3,0,2,1,1,0,2,1,0,2
00052,1,0,1,2,0,0,2,2,2,2,2,1,1,0,1,3,0,2,1,1,0,2,1,0,2
00053,1,0,1,2,0,0,2,2,2,2,2,1,1,0,1,3,0,2,1,1,0,2,1,0,2
00054,1,0,1,2,0,0,2,2,2,2,2,1,1,0,1,3,0,2,1,1,0,2,1,0,2
00055,1,0,1,2,0,0,2,2,2,2,2,1,1,0,1,3,0,2,1,1,0,2,1,0,2
00056,1,0,1,2,0,0,2,2,2,2,2,1,1,0,1,3,0,2,1,1,0,2,1,0,2
00057,1,0,1,2,0,0,2,2,2,2,2,1,1,0,1,3,0,2,1,1,0,2,1,0,2
00058,1,0,1,2,0,0,2,2,2,2,2,1,1,0,1,3,0,2,1,1,0,2,1,0,2
00059,1,0,1,2,0,0,2,2,2,2,2,1,1,0,1,3,0,2,1,1,0,2,1,0,2
00060,0,3,2,0,1,2,0,1,2,0,1,2,1,2,1,0,1,0,2,2,2,1,1,2,0
00061,0,3,2,0,1,2,0,1,2,0,1,2,1,2,1,0,1,0,2,2,2,1,1,2,0
00062,0,3,2,0,1,2,0,1,2,0,1,2,1,2,1,0,1,0,2,2,2,1,1,2,0
00063,0,3,2,0,1,2,0,1,2,0,1,2,1,2,1,0,1,0,2,2,2,1,1,2,0
00064,0,3,2,0,1,2,0,1,2,0,1,2,1,2,1,0,1,0,2,2,2,1,1,2,0
00065,0,3,2,0,1,2,0,1,2,0,1,2,1,2,1,0,1,0,2,2,2,1,1,2,0
00066,2,2,0,1,0,1,2,2,0,2,1,2,1,2,0,1,1,2,1,0,2,0,3,0,1
00067,2,2,0,1,0,1,2,2,0,2,1,2,1,2,0,1,1,2,1,0,2,0,3,0,1
00068,2,2,0,1,0,1,2,2,0,2,1,2,1,2,0,1,1,2,1,0,2,0,3,0,1
00069,2,2,0,1,0,1,2,2,0,2,1,2,1,2,0,1,1,2,1,0,2,0,3,0,1
00070,2,2,0,1,0,1,2,2,0,2,1,2,1,2,0,1,1,2,1,0,2,0,3,0,1
00071,2,2,0,1,0,1,2,2,0,2,1,2,1,2,0,1,1,2,1,0,2,0,3,0,1
00072,2,2,0,1,0,1,2,2,0,2,1,2,1,2,0,1,1,2,1,0,2,0,3,0,1
00073,2,2,0,1,0,1,2,2,0,2,1,2,1,2,0,1,1,2,1,0,2,0,3,0,1
00074,2,2,0,1,0,1,2,2,0,2,1,2,1,2,0,1,1,2,1,0,2,0,3,0,1
00075,2,2,0,1,0,1,2,2,0,2,1,2,1,2,0,1,1,2,1,0,2,0,3,0,1
00076,2,2,0,1,0,1,2,2,0,2,1,2,1,2,0,1,1,2,1,0,2,0,3,0,1
00077,2,2,0,1,0,1,2,2,0,2,1,2,1,2,0,1,1,2,1,0,2,0,3,0,1
00078,2,2,0,1,0,1,2,2,0,2,1,2,1,2,0,1,1,2,1,0,2,0,3,0,1
00079,2,2,0,1,0,1,2,2,0,2,1,2,1,2,0,1,1,2,1,0,2,0,3,0,1
00080,2,1,1,1,2,0,1,2,2,2,3,2,1,2,0,0,1,2,0,1,1,0,0,2,0
00081,2,1,1,1,2,0,1,2,2,2,3,2,1,2,0,0,1,2,0,1,1,0,0,2,0
00082,2,1,1,1,2,0,1,2,2,2,3,2,1,2,0,0,1,2,0,1,1,0,0,2,0
00083,2,1,1,1,2,0,1,2,2,2,3,2,1,2,0,0,1,2,0,1,1,0,0,2,0
00084,2,1,1,1,2,0,1,2,2,2,3,2,1,2,0,0,1,2,0,1,1,0,0,2,0
00085,2,1,1,1,2,0,1,2,2,2,3,2,1,2,0,0,1,2,0,1,1,0,0,2,0
00086,2,1,1,1,2,0,1,2,2,2,3,2,1,2,0,0,1,2,0,1,1,0,0,2,0
00087,2,1,1,1,2,0,1,2,2,2,3,2,1,2,0,0,1,2,0,1,1,0,0,2,0
00088,2,1,1,1,2,0,1,2,2,2,3,2,1,2,0,0,1,2,0,1,1,0,0,2,0
00089,2,1,1,1,2,0,1,2,2,2,3,2,1,2,0,0,1,2,0,1,1,0,0,2,0
00090,2,1,1,1,2,0,1,2,2,2,3,2,1,2,0,0,1,2,0,1,1,0,0,2,0
00091,2,1,1,1,2,0,1,2,2,2,3,2,1,2,0,0,1,2,0,1,1,0,0,2,0
00092,2,1,1,1,2,0,1,2,2,2,3,2,1,2,0,0,1,2,0,1,1,0,0,2,0
00093,2,1,1,1,2,0,1,2,2,2,3,2,1,2,0,0,1,2,0,1,1,0,0,2,0
00094,1,0,3,0,2,0,1,2,1,1,0,2,1,2,1,2,0,2,2,1,0,1,0,2,2
00095,1,0,3,0,2,0,1,2,1,1,0,2,1,2,1,2,0,2,2,1,0,1,0,2,2
00096,1,0,3,0,2,0,1,2,1,1,0,2,1,2,1,2,0,2,2,1,0,1,0,2,2
00097,1,0,3,0,2,0,1,2,1,1,0,2,1,2,1,2,0,2,2,1,0,1,0,2,2
00098,1,0,3,0,2,0,1,2,1,1,0,2,1,2,1,2,0,2,2,1,0,1,0,2,2
00099,1,0,3,0,2,0,1,2,1,1,0,2,1,2,1,2,0,2,2,1,0,1,0,2,2
00100,1,0,3,0,2,0,1,2,1,1,0,2,1,2,1,2,0,2,2,1,0,1,0,2,2
00101,1,0,3,0,2,0,1,2,1,1,0,2,1,2,1,2,0,2,2,1,0,1,0,2,2
00102,1,0,3,0,2,0,1,2,1,1,0,2,1,2,1,2,0,2,2,1,0,1,0,2,2
00103,1,0,3,0,2,0,1,2,1,1,0,2,1,2,1,2,0,2,2,1,0,1,0,2,2
00104,1,0,3,0,2,0,1,2,1,1,0,2,1,2,1,2,0,2,2,1,0,1,0,2,2
00105,1,0,3,0,2,0,1,2,1,1,0,2,1,2,1,2,0,2,2,1,0,1,0,2,2
00106,1,0,3,0,2,0,1,2,1,1,0,2,1,2,1,2,0,2,2,1,0,1,0,2,2
00107,1,0,3,0,2,0,1,2,1,1,0,2,1,2,1,2,0,2,2,1,0,1,0,2,2
00108,0,2,0,0,1,1,0,2,1,0,0,2,1,2,3,2,2,2,1,0,2,1,1,1,2
00109,0,2,0,0,1,1,0,2,1,0,0,2,1,2,3,2,2,2,1,0,2,1,1,1,2
00110,0,2,0,0,1,1,0,2,1,0,0,2,1,2,3,2,2,2,1,0,2,1,1,1,2
00111,0,2,0,0,1,1,0,2,1,0,0,2,1,2,3,2,2,2,1,0,2,1,1,1,2
00112,0,2,0,0,1,1,0,2,1,0,0,2,1,2,3,2,2,2,1,0,2,1,1,1,2
00113,0,2,0,0,1,1,0,2,1,0,0,2,1,2,3,2,2,2,1,0,2,1,1,1,2
00114,0,2,0,0,1,1,0,2,1,0,0,2,1,2,3,2,2,2,1,0,2,1,1,1,2
00115,0,2,0,0,1,1,0,2,1,0,0,2,1,2,3,2,2,2,1,0,2,1,1,1,2
00116,0,2,0,0,1,1,0,2,1,0,0,2,1,2,3,2,2,2,1,0,2,1,1,1,2
00117,0,2,0,0,1,1,0,2,1,0,0,2,1,2,3,2,2,2,1,0,2,1,1,1,2
00118,0,2,0,0,1,1,0,2,1,0,0,2,1,2,3,2,2,2,1,0,2,1,1,1,2
00119,0,2,0,0,1,1,0,2,1,0,0,2,1,2,3,2,2,2,1,0,2,1,1,1,2
00120,0,2,0,0,1,1,0,2,1,0,0,2,1,2,3,2,2,2,1,0,2,1,1,1,2
00121,0,2,0,0,1,1,0,2,1,0,0,2,1,2,3,2,2,2,1,0,2,1,1,1,2
00122,0,2,0,0,1,1,0,2,1,0,0,2,1,2,3,2,2,2,1,0,2,1,1,1,2
00123,2,1,1,1,2,0,1,2,2,2,3,2,1,2,0,0,1,2,0,1,1,0,0,2,0
00124,2,1,1,1,2,0,1,2,2,2,3,2,1,2,0,0,1,2,0,1,1,0,0,2,0
00125,2,1,1,1,2,0,1,2,2,2,3,2,1,2,0,0,1,2,0,1,1,0,0,2,0
00126,2,1,1,1,2,0,1,2,2,2,3,2,1,2,0,0,1,2,0,1,1,0,0,2,0
00127,2,1,1,1,2,0,1,2,2,2,3,2,1,2,0,0,1,2,0,1,1,0,0,2,0
00128,2,1,1,1,2,0,1,2,2,2,3,2,1,2,0,0,1,2,0,1,1,0,0,2,0
00129,2,1,1,1,2,0,1,2,2,2,3,2,1,2,0,0,1,2,0,1,1,0,0,2,0
00130,2,1,1,1,2,0,1,2,2,2,3,2,1,2,0,0,1,2,0,1,1,0,0,2,0
00131,2,1,1,1,2,0,1,2,2,2,3,2,1,2,0,0,1,2,0,1,1,0,0,2,0
00132,2,1,1,1,2,0,1,2,2,2,3,2,1,2,0,0,1,2,0,1,1,0,0,2,0
00133,2,1,1,1,2,0,1,2,2,2,3,2,1,2,0,0,1,2,0,1,1,0,0,2,0
00134,2,1,1,1,2,0,1,2,2,2,3,2,1,2,0,0,1,2,0,1,1,0,0,2,0
00135,2,1,1,1,0,2,1,0,0,2,0,2,2,0,1,1,0,2,3,2,2,1,0,1,2
00136,2,1,1,1,0,2,1,0,0,2,0,2,2,0,1,1,0,2,3,2,2,1,0,1,2
00137,2,1,1,1,0,2,1,0,0,2,0,2,2,0,1,1,0,2,3,2,2,1,0,1,2
00138,2,1,1,1,0,2,1,0,0,2,0,2,2,0,1,1,0,2,3,2,2,1,0,1,2
00139,2,1,1,1,0,2,1,0,0,2,0,2,2,0,1,1,0,2,3,2,2,1,0,1,2
00140,2,1,1,1,0,2,1,0,0,2,0,2,2,0,1,1,0,2,3,2,2,1,0,1,2
00141,2,1,1,1,0,2,1,0,0,2,0,2,2,0,1,1,0,2,3,2,2,1,0,1,2
00142,2,1,1,1,0,2,1,0,0,2,0,2,2,0,1,1,0,2,3,2,2,1,0,1,2
00143,2,1,1,1,0,2,1,0,0,2,0,2,2,0,1,1,0,2,3,2,2,1,0,1,2
00144,2,1,1,1,0,2,1,0,0,2,0,2,2,0,1,1,0,2,3,2,2,1,0,1,2
00145,2,1,1,1,0,2,1,0,0,2,0,2,2,0,1,1,0,2,3,2,2,1,0,1,2
00146,2,1,1,1,0,2,1,0,0,2,0,2,2,0,1,1,0,2,3,2,2,1,0,1,2
00147,2,1,1,1,0,2,1,0,0,2,0,2,2,0,1,1,0,2,3,2,2,1,0,1,2
00148,2,1,1,1,0,2,1,0,0,2,0,2,2,0,1,1,0,2,3,2,2,1,0,1,2
00149,2,1,1,1,0,2,1,0,0,2,0,2,2,0,1,1,0,2,3,2,2,1,0,1,2
00150,2,1,1,1,0,2,1,0,0,2,0,2,2,0,1,1,0,2,3,2,2,1,0,1,2
00151,0,2,1,2,2,1,0,0,3,1,1,0,2,2,0,1,1,2,0,1,2,2,0,1,2
00152,0,2,1,2,2,1,0,0,3,1,1,0,2,2,0,1,1,2,0,1,2,2,0,1,2
00153,0,2,1,2,2,1,0,0,3,1,1,0,2,2,0,1,1,2,0,1,2,2,0,1,2
00154,0,2,1,2,2,1,0,0,3,1,1,0,2,2,0,1,1,2,0,1,2,2,0,1,2
00155,1,1,0,1,2,2,2,0,2,0,0,1,3,1,2,2,1,1,2,0,0,2,0,2,1
00156,1,1,0,1,2,2,2,0,2,0,0,1,3,1,2,2,1,1,2,0,0,2,0,2,1
00157,1,1,0,1,2,2,2,0,2,0,0,1,3,1,2,2,1,1,2,0,0,2,0,2,1
00158,1,1,0,1,2,2,2,0,2,0,0,1,3,1,2,2,1,1,2,0,0,2,0,2,1
00159,1,1,0,1,2,2,2,0,2,0,0,1,3,1,2,2,1,1,2,0,0,2,0,2,1
00160,1,1,0,1,2,2,2,0,2,0,0,1,3,1,2,2,1,1,2,0,0,2,0,2,1
00161,1,1,0,1,2,2,2,0,2,0,0,1,3,1,2,2,1,1,2,0,0,2,0,2,1
00162,1,1,0,1,2,2,2,0,2,0,0,1,3,1,2,2,1,1,2,0,0,2,0,2,1
00163,0,2,0,2,1,2,1,1,2,1,0,1,3,0,0,2,2,1,2,1,1,0,2,0,2
00164,0,2,0,2,1,2,1,1,2,1,0,1,3,0,0,2,2,1,2,1,1,0,2,0,2
00165,0,2,0,2,1,2,1,1,2,1,0,1,3,0,0,2,2,1,2,1,1,0,2,0,2
00166,0,2,0,2,1,2,1,1,2,1,0,1,3,0,0,2,2,1,2,1,1,0,2,0,2
00167,0,2,0,2,1,2,1,1,2,1,0,1,3,0,0,2,2,1,2,1,1,0,2,0,2
00168,0,2,0,2,1,2,1,1,2,1,0,1,3,0,0,2,2,1,2,1,1,0,2,0,2
00169,0,2,0,2,1,2,1,1,2,1,0,1,3,0,0,2,2,1,2,1,1,0,2,0,2
00170,0,2,0,2,1,2,1,1,2,1,0,1,3,0,0,2,2,1,2,1,1,0,2,0,2
00171,1,2,0,2,0,0,2,1,1,2,2,1,3,1,0,0,2,0,2,2,2,1,0,1,1
00172,1,2,0,2,0,0,2,1,1,2,2,1,3,1,0,0,2,0,2,2,2,1,0,1,1
00173,1,2,0,2,0,0,2,1,1,2,2,1,3,1,0,0,2,0,2,2,2,1,0,1,1
00174,2,0,2,0,1,1,2,1,2,2,0,0,3,1,0,1,2,1,1,2,1,2,0,2,0
00175,2,0,2,0,1,1,2,1,2,2,0,0,3,1,0,1,2,1,1,2,1,2,0,2,0
00176,2,0,2,0,1,1,2,1,2,2,0,0,3,1,0,1,2,1,1,2,1,2,0,2,0
00177,2,0,2,0,1,1,2,1,2,2,0,0,3,1,0,1,2,1,1,2,1,2,0,2,0
00178,2,0,2,0,1,1,2,1,2,2,0,0,3,1,0,1,2,1,1,2,1,2,0,2,0
00179,0,3,1,1,0,2,0,2,2,2,1,0,1,1,1,0,2,2,1,0,2,2,2,0,1
00180,0,3,1,1,0,2,0,2,2,2,1,0,1,1,1,0,2,2,1,0,2,2,2,0,1
00181,0,3,1,1,0,2,0,2,2,2,1,0,1,1,1,0,2,2,1,0,2,2,2,0,1
00182,0,3,1,1,0,2,0,2,2,2,1,0,1,1,1,0,2,2,1,0,2,2,2,0,1
00183,0,3,1,1,0,2,0,2,2,2,1,0,1,1,1,0,2,2,1,0,2,2,2,0,1
00184,2,0,1,2,0,2,2,0,0,3,2,2,1,2,1,0,1,1,2,1,1,0,1,2,0
00185,2,0,1,2,0,2,2,0,0,3,2,2,1,2,1,0,1,1,2,1,1,0,1,2,0
00186,0,2,1,0,1,1,2,1,1,0,1,2,1,2,2,3,0,0,2,2,0,2,1,0,2
00187,0,2,1,0,1,1,2,1,1,0,1,2,1,2,2,3,0,0,2,2,0,2,1,0,2
00188,0,2,1,0,1,1,2,1,1,0,1,2,1,2,2,3,0,0,2,2,0,2,1,0,2
00189,0,2,1,0,1,1,2,1,1,0,1,2,1,2,2,3,0,0,2,2,0,2,1,0,2
00190,0,2,1,0,1,1,2,1,1,0,1,2,1,2,2,3,0,0,2,2,0,2,1,0,2
00191,0,2,1,0,1,1,2,1,1,0,1,2,1,2,2,3,0,0,2,2,0,2,1,0,2
00192,0,2,1,0,1,1,2,1,1,0,1,2,1,2,2,3,0,0,2,2,0,2,1,0,2
00193,0,3,1,1,0,2,0,2,2,2,1,0,1,1,1,0,2,2,1,0,2,2,2,0,1
00194,0,3,1,1,0,2,0,2,2,2,1,0,1,1,1,0,2,2,1,0,2,2,2,0,1
00195,0,3,1,1,0,2,0,2,2,2,1,0,1,1,1,0,2,2,1,0,2,2,2,0,1
00196,0,3,1,1,0,2,0,2,2,2,1,0,1,1,1,0,2,2,1,0,2,2,2,0,1
00197,0,3,1,1,0,2,0,2,2,2,1,0,1,1,1,0,2,2,1,0,2,2,2,0,1
00198,0,3,1,1,0,2,0,2,2,2,1,0,1,1,1,0,2,2,1,0,2,2,2,0,1
00199,2,0,1,2,0,2,2,0,0,3,2,2,1,2,1,0,1,1,2,1,1,0,1,2,0
00200,0,1,1,2,2,1,2,2,2,0,0,0,1,0,2,3,2,1,1,1,1,2,1,0,0
00201,0,1,1,2,2,1,2,2,2,0,0,0,1,0,2,3,2,1,1,1,1,2,1,0,0
00202,0,1,1,2,2,1,2,2,2,0,0,0,1,0,2,3,2,1,1,1,1,2,1,0,0
00203,0,1,1,2,2,1,2,2,2,0,0,0,1,0,2,3,2,1,1,1,1,2,1,0,0
00204,0,1,1,2,2,1,2,2,2,0,0,0,1,0,2,3,2,1,1,1,1,2,1,0,0
00205,0,1,1,2,2,1,2,2,2,0,0,0,1,0,2,3,2,1,1,1,1,2,1,0,0
00206,0,1,1,2,2,1,2,2,2,0,0,0,1,0,2,3,2,1,1,1,1,2,1,0,0
00207,0,1,1,2,2,1,2,2,2,0,0,0,1,0,2,3,2,1,1,1,1,2,1,0,0
00208,0,1,1,2,2,1,2,2,2,0,0,0,1,0,2,3,2,1,1,1,1,2,1,0,0
00209,2,0,2,1,0,2,2,0,1,0,1,2,1,1,1,1,2,0,2,2,0,1,0,3,1
00210,2,0,2,1,0,2,2,0,1,0,1,2,1,1,1,1,2,0,2,2,0,1,0,3,1
00211,2,0,2,1,0,2,2,0,1,0,1,2,1,1,1,1,2,0,2,2,0,1,0,3,1
00212,2,0,2,1,0,2,2,0,1,0,1,2,1,1,1,1,2,0,2,2,0,1,0,3,1
00213,2,0,2,1,0,2,2,0,1,0,1,2,1,1,1,1,2,0,2,2,0,1,0,3,1
00214,2,0,2,1,0,2,2,0,1,0,1,2,1,1,1,1,2,0,2,2,0,1,0,3,1
00215,2,0,2,1,0,2,2,0,1,0,1,2,1,1,1,1,2,0,2,2,0,1,0,3,1
00216,2,0,2,1,0,2,2,0,1,0,1,2,1,1,1,1,2,0,2,2,0,1,0,3,1
00217,2,0,2,1,0,2,2,0,1,0,1,2,1,1,1,1,2,0,2,2,0,1,0,3,1
00218,0,0,1,2,1,1,1,1,2,3,2,0,1,0,0,0,2,2,2,1,2,2,1,1,0
00219,0,0,1,2,1,1,1,1,2,3,2,0,1,0,0,0,2,2,2,1,2,2,1,1,0
00220,0,0,1,2,1,1,1,1,2,3,2,0,1,0,0,0,2,2,2,1,2,2,1,1,0
00221,0,0,1,2,1,1,1,1,2,3,2,0,1,0,0,0,2,2,2,1,2,2,1,1,0
00222,0,0,1,2,1,1,1,1,2,3,2,0,1,0,0,0,2,2,2,1,2,2,1,1,0
00223,1,3,0,1,0,2,2,0,2,1,1,1,1,2,1,0,1,0,2,2,0,1,2,0,2
00224,1,3,0,1,0,2,2,0,2,1,1,1,1,2,1,0,1,0,2,2,0,1,2,0,2
00225,1,3,0,1,0,2,2,0,2,1,1,1,1,2,1,0,1,0,2,2,0,1,2,0,2
00226,1,3,0,1,0,2,2,0,2,1,1,1,1,2,1,0,1,0,2,2,0,1,2,0,2
00227,1,3,0,1,0,2,2,0,2,1,1,1,1,2,1,0,1,0,2,2,0,1,2,0,2
00228,0,1,1,2,2,1,2,2,2,0,0,0,1,0,2,3,2,1,1,1,1,2,1,0,0
00229,0,1,1,2,2,1,2,2,2,0,0,0,1,0,2,3,2,1,1,1,1,2,1,0,0
00230,0,1,1,2,2,1,2,2,2,0,0,0,1,0,2,3,2,1,1,1,1,2,1,0,0
00231,0,1,1,2,2,1,2,2,2,0,0,0,1,0,2,3,2,1,1,1,1,2,1,0,0
00232,0,1,1,2,2,1,2,2,2,0,0,0,1,0,2,3,2,1,1,1,1,2,1,0,0
00233,1,3,0,1,0,2,2,0,2,1,1,1,1,2,1,0,1,0,2,2,0,1,2,0,2
00234,1,3,0,1,0,2,2,0,2,1,1,1,1,2,1,0,1,0,2,2,0,1,2,0,2
00235,1,3,0,1,0,2,2,0,2,1,1,1,1,2,1,0,1,0,2,2,0,1,2,0,2
00236,1,3,0,1,0,2,2,0,2,1,1,1,1,2,1,0,1,0,2,2,0,1,2,0,2
00237,1,3,0,1,0,2,2,0,2,1,1,1,1,2,1,0,1,0,2,2,0,1,2,0,2
00238,0,0,1,2,1,1,1,1,2,3,2,0,1,0,0,0,2,2,2,1,2,2,1,1,0
00239,0,0,1,2,1,1,1,1,2,3,2,0,1,0,0,0,2,2,2,1,2,2,1,1,0
00240,2,1,1,0,1,0,2,1,2,1,2,2,1,0,0,2,0,1,0,2,1,3,0,2,1
00241,2,1,1,0,1,0,2,1,2,1,2,2,1,0,0,2,0,1,0,2,1,3,0,2,1
00242,2,1,1,0,1,0,2,1,2,1,2,2,1,0,0,2,0,1,0,2,1,3,0,2,1
00243,2,1,1,0,1,0,2,1,2,1,2,2,1,0,0,2,0,1,0,2,1,3,0,2,1
00244,2,1,1,0,1,0,2,1,2,1,2,2,1,0,0,2,0,1,0,2,1,3,0,2,1
00245,2,1,1,0,1,0,2,1,2,1,2,2,1,0,0,2,0,1,0,2,1,3,0,2,1
00246,2,1,1,0,1,0,2,1,2,1,2,2,1,0,0,2,0,1,0,2,1,3,0,2,1
00247,2,1,1,0,1,0,2,1,2,1,2,2,1,0,0,2,0,1,0,2,1,3,0,2,1
00248,2,1,1,0,1,0,2,1,2,1,2,2,1,0,0,2,0,1,0,2,1,3,0,2,1
00249,2,1,1,0,1,0,2,1,2,1,2,2,1,0,0,2,0,1,0,2,1,3,0,2,1
00250,1,2,2,0,2,3,0,2,2,1,0,1,1,1,1,2,0,0,2,0,1,2,0,1,1
00251,1,2,2,0,2,3,0,2,2,1,0,1,1,1,1,2,0,0,2,0,1,2,0,1,1
00252,1,2,0,3,1,2,0,1,0,2,0,0,1,2,2,1,2,1,2,0,1,0,1,1,2
00253,1,2,0,3,1,2,0,1,0,2,0,0,1,2,2,1,2,1,2,0,1,0,1,1,2
00254,1,2,0,3,1,2,0,1,0,2,0,0,1,2,2,1,2,1,2,0,1,0,1,1,2
00255,1,2,0,3,1,2,0,1,0,2,0,0,1,2,2,1,2,1,2,0,1,0,1,1,2
00256,1,2,0,3,1,2,0,1,0,2,0,0,1,2,2,1,2,1,2,0,1,0,1,1,2
00257,1,1,0,2,1,0,2,0,0,2,1,1,1,1,0,1,2,2,0,3,2,0,2,2,1
00258,1,1,0,2,1,0,2,0,0,2,1,1,1,1,0,1,2,2,0,3,2,0,2,2,1
00259,1,1,0,2,1,0,2,0,0,2,1,1,1,1,0,1,2,2,0,3,2,0,2,2,1
00260,1,1,0,2,1,0,2,0,0,2,1,1,1,1,0,1,2,2,0,3,2,0,2,2,1
00261,2,0,1,1,1,2,0,2,1,1,0,1,2,3,0,0,0,1,1,0,2,1,2,2,2
00262,2,0,1,1,1,2,0,2,1,1,0,1,2,3,0,0,0,1,1,0,2,1,2,2,2
00263,1,1,0,0,2,1,1,3,1,2,1,2,2,1,2,0,0,1,0,1,2,2,0,0,2
00264,1,1,0,0,2,1,1,3,1,2,1,2,2,1,2,0,0,1,0,1,2,2,0,0,2
00265,1,1,0,0,2,1,1,3,1,2,1,2,2,1,2,0,0,1,0,1,2,2,0,0,2
00266,1,1,0,0,2,1,1,3,1,2,1,2,2,1,2,0,0,1,0,1,2,2,0,0,2
00267,1,1,0,0,2,1,1,3,1,2,1,2,2,1,2,0,0,1,0,1,2,2,0,0,2
00268,1,1,0,0,2,1,1,3,1,2,1,2,2,1,2,0,0,1,0,1,2,2,0,0,2
00269,1,1,0,0,2,1,1,3,1,2,1,2,2,1,2,0,0,1,0,1,2,2,0,0,2
00270,1,1,0,0,2,1,1,3,1,2,1,2,2,1,2,0,0,1,0,1,2,2,0,0,2
00271,1,1,0,0,2,1,1,3,1,2,1,2,2,1,2,0,0,1,0,1,2,2,0,0,2
00272,1,1,0,0,2,1,1,3,1,2,1,2,2,1,2,0,0,1,0,1,2,2,0,0,2
00273,1,1,0,0,2,1,1,3,1,2,1,2,2,1,2,0,0,1,0,1,2,2,0,0,2
00274,1,1,0,0,2,1,1,3,1,2,1,2,2,1,2,0,0,1,0,1,2,2,0,0,2
00275,1,1,0,0,2,1,1,3,1,2,1,2,2,1,2,0,0,1,0,1,2,2,0,0,2
00276,1,1,0,0,2,1,1,3,1,2,1,2,2,1,2,0,0,1,0,1,2,2,0,0,2
00277,1,1,0,0,2,1,1,3,1,2,1,2,2,1,2,0,0,1,0,1,2,2,0,0,2
00278,1,1,0,0,2,1,1,3,1,2,1,2,2,1,2,0,0,1,0,1,2,2,0,0,2
00279,1,1,0,0,2,1,1,3,1,2,1,2,2,1,2,0,0,1,0,1,2,2,0,0,2
00280,1,1,0,0,2,1,1,3,1,2,1,2,2,1,2,0,0,1,0,1,2,2,0,0,2
00281,1,1,0,0,2,1,1,3,1,2,1,2,2,1,2,0,0,1,0,1,2,2,0,0,2
00282,1,1,0,0,2,1,1,3,1,2,1,2,2,1,2,0,0,1,0,1,2,2,0,0,2
00283,1,1,0,0,2,1,1,3,1,2,1,2,2,1,2,0,0,1,0,1,2,2,0,0,2
00284,1,1,0,0,2,1,1,3,1,2,1,2,2,1,2,0,0,1,0,1,2,2,0,0,2
00285,2,0,1,1,1,2,0,2,1,1,0,1,2,3,0,0,0,1,1,0,2,1,2,2,2
00286,2,0,1,1,1,2,0,2,1,1,0,1,2,3,0,0,0,1,1,0,2,1,2,2,2
00287,2,0,1,1,1,2,0,2,1,1,0,1,2,3,0,0,0,1,1,0,2,1,2,2,2
00288,2,0,1,1,1,2,0,2,1,1,0,1,2,3,0,0,0,1,1,0,2,1,2,2,2
00289,2,0,1,1,1,2,0,2,1,1,0,1,2,3,0,0,0,1,1,0,2,1,2,2,2
00290,2,0,1,1,1,2,0,2,1,1,0,1,2,3,0,0,0,1,1,0,2,1,2,2,2
00291,2,0,1,1,1,2,0,2,1,1,0,1,2,3,0,0,0,1,1,0,2,1,2,2,2
00292,2,0,1,1,1,2,0,2,1,1,0,1,2,3,0,0,0,1,1,0,2,1,2,2,2
00293,2,0,0,2,2,1,0,1,0,0,2,1,2,2,1,2,1,3,1,1,2,0,0,1,1
00294,2,0,0,2,2,1,0,1,0,0,2,1,2,2,1,2,1,3,1,1,2,0,0,1,1
00295,2,0,0,2,2,1,0,1,0,0,2,1,2,2,1,2,1,3,1,1,2,0,0,1,1
00296,2,0,0,2,2,1,0,1,0,0,2,1,2,2,1,2,1,3,1,1,2,0,0,1,1
00297,2,0,0,2,2,1,0,1,0,0,2,1,2,2,1,2,1,3,1,1,2,0,0,1,1
00298,2,0,0,2,2,1,0,1,0,0,2,1,2,2,1,2,1,3,1,1,2,0,0,1,1
00299,2,0,0,2,2,1,0,1,0,0,2,1,2,2,1,2,1,3,1,1,2,0,0,1,1
00300,2,0,0,2,2,1,0,1,0,0,2,1,2,2,1,2,1,3,1,1,2,0,0,1,1
00301,2,2,2,1,2,0,1,1,0,0,0,3,2,1,0,1,1,2,0,2,1,1,1,0,2
00302,2,2,2,1,2,0,1,1,0,0,0,3,2,1,0,1,1,2,0,2,1,1,1,0,2
00303,2,2,2,1,2,0,1,1,0,0,0,3,2,1,0,1,1,2,0,2,1,1,1,0,2
00304,2,2,2,1,2,0,1,1,0,0,0,3,2,1,0,1,1,2,0,2,1,1,1,0,2
00305,2,2,2,1,2,0,1,1,0,0,0,3,2,1,0,1,1,2,0,2,1,1,1,0,2
00306,2,2,2,1,2,0,1,1,0,0,0,3,2,1,0,1,1,2,0,2,1,1,1,0,2
00307,1,2,2,2,0,1,0,1,1,0,1,1,2,0,1,2,0,0,2,1,2,2,1,0,3
00308,1,2,2,2,0,1,0,1,1,0,1,1,2,0,1,2,0,0,2,1,2,2,1,0,3
00309,1,2,2,2,0,1,0,1,1,0,1,1,2,0,1,2,0,0,2,1,2,2,1,0,3
00310,1,2,2,2,0,1,0,1,1,0,1,1,2,0,1,2,0,0,2,1,2,2,1,0,3
00311,0,0,1,1,3,2,1,0,2,0,2,1,2,0,1,2,0,1,0,2,1,1,1,2,2
00312,0,0,1,1,3,2,1,0,2,0,2,1,2,0,1,2,0,1,0,2,1,1,1,2,2
00313,0,0,1,1,3,2,1,0,2,0,2,1,2,0,1,2,0,1,0,2,1,1,1,2,2
00314,0,0,1,1,3,2,1,0,2,0,2,1,2,0,1,2,0,1,0,2,1,1,1,2,2
00315,1,2,2,2,0,1,0,1,1,0,1,1,2,0,1,2,0,0,2,1,2,2,1,0,3
00316,1,2,2,2,0,1,0,1,1,0,1,1,2,0,1,2,0,0,2,1,2,2,1,0,3
00317,1,2,2,2,0,1,0,1,1,0,1,1,2,0,1,2,0,0,2,1,2,2,1,0,3
00318,1,2,2,2,0,1,0,1,1,0,1,1,2,0,1,2,0,0,2,1,2,2,1,0,3
00319,1,2,2,2,0,1,0,1,1,0,1,1,2,0,1,2,0,0,2,1,2,2,1,0,3
00320,1,2,2,2,0,1,0,1,1,0,1,1,2,0,1,2,0,0,2,1,2,2,1,0,3
00321,1,2,2,2,0,1,0,1,1,0,1,1,2,0,1,2,0,0,2,1,2,2,1,0,3
00322,0,2,1,1,2,1,1,0,1,0,3,2,0,2,0,2,1,1,1,0,2,2,1,0,2
00323,0,2,1,1,2,1,1,0,1,0,3,2,0,2,0,2,1,1,1,0,2,2,1,0,2
00324,0,2,1,1,2,1,1,0,1,0,3,2,0,2,0,2,1,1,1,0,2,2,1,0,2
00325,0,2,1,1,2,1,1,0,1,0,3,2,0,2,0,2,1,1,1,0,2,2,1,0,2
00326,0,2,1,1,2,1,1,0,1,0,3,2,0,2,0,2,1,1,1,0,2,2,1,0,2
00327,0,2,1,1,2,1,1,0,1,0,3,2,0,2,0,2,1,1,1,0,2,2,1,0,2
00328,0,2,1,1,2,1,1,0,1,0,3,2,0,2,0,2,1,1,1,0,2,2,1,0,2
00329,0,2,1,1,2,1,1,0,1,0,3,2,0,2,0,2,1,1,1,0,2,2,1,0,2
00330,0,2,1,1,2,1,1,0,1,0,3,2,0,2,0,2,1,1,1,0,2,2,1,0,2
00331,0,2,1,1,2,1,1,0,1,0,3,2,0,2,0,2,1,1,1,0,2,2,1,0,2
00332,0,2,1,1,2,1,1,0,1,0,3,2,0,2,0,2,1,1,1,0,2,2,1,0,2
00333,0,2,1,1,2,1,1,0,1,0,3,2,0,2,0,2,1,1,1,0,2,2,1,0,2
00334,0,2,1,1,2,1,1,0,1,0,3,2,0,2,0,2,1,1,1,0,2,2,1,0,2
00335,0,2,1,1,2,1,1,0,1,0,3,2,0,2,0,2,1,1,1,0,2,2,1,0,2
00336,0,2,1,1,2,1,1,0,1,0,3,2,0,2,0,2,1,1,1,0,2,2,1,0,2
00337,0,2,1,1,2,1,1,0,1,0,3,2,0,2,0,2,1,1,1,0,2,2,1,0,2
00338,0,2,1,1,2,1,1,0,1,0,3,2,0,2,0,2,1,1,1,0,2,2,1,0,2
00339,0,2,1,1,2,1,1,0,1,0,3,2,0,2,0,2,1,1,1,0,2,2,1,0,2
00340,0,2,1,1,2,1,1,0,1,0,3,2,0,2,0,2,1,1,1,0,2,2,1,0,2
00341,0,2,1,1,2,1,1,0,1,0,3,2,0,2,0,2,1,1,1,0,2,2,1,0,2
00342,0,2,1,1,2,1,1,0,1,0,3,2,0,2,0,2,1,1,1,0,2,2,1,0,2
00343,0,2,1,1,2,1,1,0,1,0,3,2,0,2,0,2,1,1,1,0,2,2,1,0,2
00344,2,2,0,1,0,2,1,1,1,0,1,2,1,2,1,0,1,0,2,0,2,1,3,2,0
00345,2,2,0,1,0,2,1,1,1,0,1,2,1,2,1,0,1,0,2,0,2,1,3,2,0
00346,2,2,0,1,0,2,1,1,1,0,1,2,1,2,1,0,1,0,2,0,2,1,3,2,0
00347,2,2,0,1,0,2,1,1,1,0,1,2,1,2,1,0,1,0,2,0,2,1,3,2,0
00348,2,2,0,1,0,2,1,1,1,0,1,2,1,2,1,0,1,0,2,0,2,1,3,2,0
00349,2,2,0,1,0,2,1,1,1,0,1,2,1,2,1,0,1,0,2,0,2,1,3,2,0
00350,2,2,0,1,0,2,1,1,1,0,1,2,1,2,1,0,1,0,2,0,2,1,3,2,0
00351,2,2,0,1,0,2,1,1,1,0,1,2,1,2,1,0,1,0,2,0,2,1,3,2,0
00352,2,2,0,1,0,2,1,1,1,0,1,2,1,2,1,0,1,0,2,0,2,1,3,2,0
00353,2,0,1,2,2,1,1,2,1,2,3,0,1,1,0,2,2,2,1,1,0,0,1,0,0
00354,2,0,1,2,2,1,1,2,1,2,3,0,1,1,0,2,2,2,1,1,0,0,1,0,0
00355,2,0,1,2,2,1,1,2,1,2,3,0,1,1,0,2,2,2,1,1,0,0,1,0,0
00356,2,0,1,2,2,1,1,2,1,2,3,0,1,1,0,2,2,2,1,1,0,0,1,0,0
00357,2,0,1,2,2,1,1,2,1,2,3,0,1,1,0,2,2,2,1,1,0,0,1,0,0
00358,2,0,1,2,2,1,1,2,1,2,3,0,1,1,0,2,2,2,1,1,0,0,1,0,0
00359,0,2,3,1,2,0,2,0,1,0,1,2,1,2,1,0,1,1,1,2,0,1,0,2,2
00360,0,2,3,1,2,0,2,0,1,0,1,2,1,2,1,0,1,1,1,2,0,1,0,2,2
00361,0,2,3,1,2,0,2,0,1,0,1,2,1,2,1,0,1,1,1,2,0,1,0,2,2
00362,0,2,3,1,2,0,2,0,1,0,1,2,1,2,1,0,1,1,1,2,0,1,0,2,2
00363,0,2,3,1,2,0,2,0,1,0,1,2,1,2,1,0,1,1,1,2,0,1,0,2,2
00364,0,2,3,1,2,0,2,0,1,0,1,2,1,2,1,0,1,1,1,2,0,1,0,2,2
00365,0,2,3,1,2,0,2,0,1,0,1,2,1,2,1,0,1,1,1,2,0,1,0,2,2
00366,0,2,3,1,2,0,2,0,1,0,1,2,1,2,1,0,1,1,1,2,0,1,0,2,2
00367,0,2,3,1,2,0,2,0,1,0,1,2,1,2,1,0,1,1,1,2,0,1,0,2,2
00368,0,2,3,1,2,0,2,0,1,0,1,2,1,2,1,0,1,1,1,2,0,1,0,2,2
00369,1,2,1,2,0,1,3,2,2,2,2,0,1,1,1,0,2,2,0,1,0,0,1,0,1
00370,1,2,1,2,0,1,3,2,2,2,2,0,1,1,1,0,2,2,0,1,0,0,1,0,1
00371,1,2,1,2,0,1,3,2,2,2,2,0,1,1,1,0,2,2,0,1,0,0,1,0,1
00372,1,2,1,2,0,1,3,2,2,2,2,0,1,1,1,0,2,2,0,1,0,0,1,0,1
00373,1,2,1,2,0,1,3,2,2,2,2,0,1,1,1,0,2,2,0,1,0,0,1,0,1
00374,1,2,1,2,0,1,3,2,2,2,2,0,1,1,1,0,2,2,0,1,0,0,1,0,1
00375,0,2,1,1,1,2,2,1,0,0,1,2,1,2,1,2,3,0,2,0,1,1,2,0,0
00376,1,2,1,2,0,1,3,2,2,2,2,0,1,1,1,0,2,2,0,1,0,0,1,0,1
00377,1,2,1,2,0,1,3,2,2,2,2,0,1,1,1,0,2,2,0,1,0,0,1,0,1
00378,1,2,1,2,0,1,3,2,2,2,2,0,1,1,1,0,2,2,0,1,0,0,1,0,1
00379,1,2,1,2,0,1,3,2,2,2,2,0,1,1,1,0,2,2,0,1,0,0,1,0,1
00380,1,2,1,2,0,1,3,2,2,2,2,0,1,1,1,0,2,2,0,1,0,0,1,0,1
00381,0,0,2,1,1,0,2,0,3,2,1,2,1,2,1,0,0,1,2,2,1,1,1,2,0
00382,0,0,2,1,1,0,2,0,3,2,1,2,1,2,1,0,0,1,2,2,1,1,1,2,0
00383,0,0,2,1,1,0,2,0,3,2,1,2,1,2,1,0,0,1,2,2,1,1,1,2,0
00384,0,0,2,1,1,0,2,0,3,2,1,2,1,2,1,0,0,1,2,2,1,1,1,2,0
00385,1,0,1,0,0,1,0,2,2,0,1,1,1,0,2,2,2,2,3,1,0,2,1,2,1
00386,1,0,1,0,0,1,0,2,2,0,1,1,1,0,2,2,2,2,3,1,0,2,1,2,1
00387,1,0,1,0,0,1,0,2,2,0,1,1,1,0,2,2,2,2,3,1,0,2,1,2,1
00388,1,0,1,0,0,1,0,2,2,0,1,1,1,0,2,2,2,2,3,1,0,2,1,2,1
00389,1,0,1,0,0,1,0,2,2,0,1,1,1,0,2,2,2,2,3,1,0,2,1,2,1
